Job Title,Company,Location,Apply Link
Senior Python Developer,"Payne, Roberts and Davis","Stewartbury, AA",https://realpython.github.iohttps://www.realpython.com
Software Engineer (Python),Garcia PLC,"Ericberg, AE",https://realpython.github.iohttps://www.realpython.com
Python Programmer (Entry-Level),"Moss, Duncan and Allen","Port Sara, AE",https://realpython.github.iohttps://www.realpython.com
Python Programmer (Entry-Level),Cooper and Sons,"West Victor, AE",https://realpython.github.iohttps://www.realpython.com
Software Developer (Python),Adams-Brewer,"Brockburgh, AE",https://realpython.github.iohttps://www.realpython.com
Python Developer,Rivera and Sons,"East Michaelfort, AA",https://realpython.github.iohttps://www.realpython.com
"Back-End Web Developer (Python, Django)",Stewart-Alexander,"South Kimberly, AA",https://realpython.github.iohttps://www.realpython.com
"Back-End Web Developer (Python, Django)","Jackson, Ali and Mckee","New Elizabethside, AA",https://realpython.github.iohttps://www.realpython.com
Python Programmer (Entry-Level),Mathews Inc,"Robertborough, AP",https://realpython.github.iohttps://www.realpython.com
Software Developer (Python),Moreno-Rodriguez,"Martinezburgh, AE",https://realpython.github.iohttps://www.realpython.com
